id,event_id,url
001,E01,e01a.jpg
002,E01,e01b.jpg
003,E01,e01c.jpg
004,E01,e01d.jpg
005,E01,e01e.jpg
006,E01,e01f.jpg
007,E02,e02a.jpg
008,E02,e02b.jpg
009,E03,e03a.jpg
010,E03,e03b.jpg
011,E03,e03c.jpg
012,E04,e04a.jpg
013,E04,e04b.jpg
014,E04,e04c.jpg
015,E05,e05a.jpg
016,E05,e05b.jpg
017,E05,e05c.jpg
018,E06,e06a.jpg
019,E06,e06b.jpg
020,E06,e06c.jpg
021,E06,e06d.jpg
022,E06,e06e.jpg
023,E06,e06f.jpg
024,E07,e07a.jpg
025,E07,e07b.jpg
026,E07,e07c.jpg
027,E08,e08a.jpg
028,E08,e08b.jpg
029,E08,e08c.jpg
030,E08,e08d.jpg
031,E08,e08e.jpg
032,E09,e09a.jpg
033,E09,e09b.jpg
034,E10,e10a.jpg
035,E10,e10b.jpg
036,E10,e10c.jpg
037,E11,e11a.jpg
038,E11,e11b.jpg
039,E11,e11c.jpg
040,E12,e12a.jpg
041,E12,e12b.jpg
042,E12,e12c.jpg
043,E12,e12d.jpg
044,E13,e13a.jpeg
045,E13,e13b.jpeg
046,E13,e13c.jpeg
047,E14,e14a.jpeg
048,E14,e14b.jpeg
049,E14,e14c.jpeg
050,E14,e14d.jpeg
051,E15,e15a.jpeg
052,E15,e15b.jpeg
053,E15,e15c.jpeg
054,E15,e15dd.jpeg
055,E16,e16a.jpeg
056,E16,e16b.jpeg
057,E16,e16c.jpeg
058,E17,e17a.jpeg
059,E17,e17b.jpeg
060,E17,e17c.jpeg